Cell_ID,KMeans_Cluster,DBSCAN_Cluster,UMAP1,UMAP2
0,0,-1,9.023099,8.134466
1,0,-1,8.661571,8.894665
2,0,-1,9.671163,7.789535
3,0,-1,10.1036625,8.512948
4,0,-1,8.174852,4.8982778
5,0,-1,8.758764,8.791954
6,0,-1,10.339252,8.048888
7,0,-1,9.145951,9.539128
8,0,-1,7.087656,9.609736
9,0,-1,9.5073185,7.9610357
10,0,-1,8.854106,8.516662
11,0,-1,10.015187,8.690705
12,0,-1,9.679073,7.9322495
13,0,-1,8.676896,9.262089
14,0,-1,9.158935,8.01354
15,0,-1,8.893112,9.313317
16,0,-1,9.000184,9.443658
17,0,-1,8.612825,9.0081625
18,0,-1,8.287313,8.296338
19,0,-1,9.470661,8.048772
20,0,-1,8.953556,9.156377
21,0,-1,9.604083,2.8514442
22,0,-1,8.697816,9.050851
23,0,-1,8.946719,9.341494
24,0,-1,8.807374,9.204052
25,0,-1,8.013308,9.616025
26,0,-1,7.2133865,7.043247
27,0,-1,8.797591,9.0163355
28,0,-1,9.51478,8.742442
29,0,-1,8.613012,8.974387
30,0,-1,9.657017,7.972963
31,0,-1,9.036261,9.43385
32,0,-1,10.041059,9.176359
33,0,-1,9.663184,7.839883
34,0,-1,9.420404,7.859929
35,0,-1,9.98502,8.746761
36,0,-1,9.143746,9.544843
37,0,-1,8.995739,8.193939
38,0,-1,10.116097,8.559362
39,0,-1,9.2432165,9.551772
40,0,-1,7.4157133,10.095341
41,0,-1,8.648824,8.454993
42,0,-1,9.5491295,7.9462404
43,0,-1,9.015616,9.40685
44,0,-1,9.008279,9.018688
45,0,-1,7.6938243,9.72818
46,0,-1,9.328527,7.868886
47,1,-1,9.616662,3.0473623
48,0,-1,6.9119163,7.242729
49,0,-1,9.035068,8.368588
50,0,-1,8.880338,9.245631
51,0,-1,9.034767,8.445352
52,0,-1,6.523171,9.488298
53,0,-1,3.8444927,7.7510414
54,0,-1,8.773296,8.726892
55,0,-1,9.644103,7.798007
56,0,-1,9.176557,7.8488746
57,0,-1,8.840448,7.98195
58,0,-1,10.348098,8.06344
59,0,-1,9.9128685,3.4489443
60,0,-1,8.543002,8.999315
61,0,-1,8.682222,8.587435
62,0,-1,7.862946,4.312477
63,0,-1,9.621287,7.8229184
64,0,-1,8.343589,8.618105
65,0,-1,8.271121,7.1356535
66,4,-1,3.8784003,7.181193
67,1,-1,-0.17756818,7.2984133
68,3,-1,10.84843,-1.5749481
69,0,-1,9.881425,8.401394
70,0,-1,8.737662,9.120402
71,0,-1,8.746761,8.357946
72,0,-1,8.725122,8.372262
73,0,-1,9.381022,9.5196905
74,0,-1,7.073728,7.013536
75,0,-1,9.826365,9.2174015
76,0,-1,8.9582615,9.520904
77,0,-1,8.147265,8.639131
78,0,-1,8.847286,9.191215
79,0,-1,6.0384684,9.711189
80,3,-1,10.910802,-1.599946
81,0,-1,6.094629,9.857623
82,0,-1,9.413337,9.388775
83,0,-1,9.872925,8.189395
84,0,-1,8.518494,8.608412
85,0,-1,9.592492,8.274774
86,0,-1,8.861913,9.124262
87,0,-1,9.842045,8.543782
88,0,-1,9.550026,7.892778
89,0,-1,9.0168,9.161469
90,0,-1,8.892987,8.356296
91,0,-1,7.856422,4.353593
92,0,-1,9.503225,7.984794
93,0,-1,10.066248,9.175578
94,0,-1,9.048975,9.296907
95,2,-1,8.781664,-3.557726
96,3,-1,10.37344,-2.0413918
97,3,-1,10.298712,-2.1711402
98,3,-1,10.509161,-2.0457406
99,1,-1,8.9328,2.707627
100,3,-1,10.398517,-1.2600121
101,1,-1,11.135164,-1.5913038
102,1,-1,8.68081,2.8703146
103,3,-1,10.188444,-0.8916837
104,0,-1,8.947254,9.4627495
105,1,-1,8.772072,2.7571926
106,1,-1,8.965606,2.7013187
107,3,-1,10.982602,-1.6442215
108,3,-1,10.557301,-1.5394218
109,1,-1,8.759308,2.8514109
110,1,-1,8.066085,2.3009613
111,3,-1,10.476316,-2.0885344
112,3,-1,10.997653,-1.6805298
113,3,-1,10.765358,-1.2967603
114,1,-1,9.586414,2.7433128
115,3,-1,10.889985,-1.5812199
116,1,-1,8.825826,2.6842544
117,3,-1,9.953253,-0.31133232
118,3,-1,9.771769,-2.7065015
119,3,-1,10.8487,-1.3919308
120,3,-1,10.188922,-1.9586943
121,3,-1,10.107685,-2.2864144
122,3,-1,9.973677,-2.546335
123,3,-1,11.155838,-1.6029371
124,3,-1,11.024531,-1.6308625
125,3,-1,11.138138,-1.6092561
126,3,-1,10.943634,-1.6611866
127,3,-1,10.765708,-1.605305
128,3,-1,10.831894,-1.7924788
129,0,-1,8.337975,8.623712
130,1,-1,10.031376,3.14719
131,3,-1,10.458876,-2.1754756
132,3,-1,8.692792,-3.253151
133,1,-1,8.563191,1.775354
134,3,-1,9.721274,-0.83769566
135,3,-1,10.898103,-1.2577666
136,3,-1,10.869479,-0.6122346
137,3,-1,10.740065,-1.3305506
138,3,-1,11.162462,-1.6075749
139,3,-1,10.97479,-1.614431
140,3,-1,10.153376,-2.780796
141,1,-1,8.693953,0.8034832
142,3,-1,10.222866,-1.6880527
143,3,-1,10.46798,-2.073558
144,3,-1,10.294486,-2.7969172
145,3,-1,9.718802,-0.8813131
146,3,-1,10.920302,-1.1836599
147,3,-1,10.8228245,-0.5198542
148,3,-1,10.691684,-1.6175739
149,1,-1,8.173837,2.1913362
150,1,-1,8.41034,2.3831246
151,1,-1,9.06914,2.6705604
152,3,-1,10.917718,-1.6709075
153,3,-1,11.111283,-1.5887847
154,3,-1,10.824308,-1.6807407
155,1,-1,8.7356205,2.8387802
156,3,-1,10.9538765,-1.6371002
157,1,-1,9.072387,2.7448826
158,3,-1,10.358762,-2.4028904
159,3,-1,8.668927,3.31518
160,1,-1,9.017093,2.74595
161,3,-1,8.792615,-2.7083712
162,3,-1,9.051234,-2.1279685
163,3,-1,8.8845825,-2.8053496
164,3,-1,8.803533,-3.2839155
165,3,-1,8.829628,0.3696227
166,3,-1,8.853844,-3.0772932
167,3,-1,9.656079,-1.0105336
168,3,-1,9.28259,-2.8120575
169,3,-1,9.706636,-0.39897314
170,4,-1,7.859329,4.387583
171,3,-1,9.524391,-2.3826926
172,3,-1,9.082712,-2.7916424
173,3,-1,8.333052,-2.5647511
174,3,-1,9.095356,-2.7989619
175,1,-1,8.161575,1.9853363
176,3,-1,8.514696,-3.2808638
177,3,-1,8.892277,-2.7318802
178,3,-1,8.949049,-3.0236616
179,3,-1,10.968401,-1.6027615
180,3,-1,8.980085,-3.0436187
181,3,-1,9.003242,-2.8504179
182,3,-1,9.281862,-2.8300865
183,3,-1,9.102922,-2.7778497
184,3,-1,9.028606,-2.9343896
185,3,-1,9.366145,-3.0020344
186,3,-1,9.392271,-2.504313
187,3,-1,8.504146,-3.182615
188,3,-1,8.470891,-2.5305898
189,3,-1,8.785495,-2.3590117
190,3,-1,9.358687,-2.0085402
191,3,-1,8.409101,-2.7963407
192,3,-1,4.6850357,6.2487574
193,3,-1,8.272713,-1.551169
194,3,-1,8.655893,-3.424604
195,3,-1,9.013853,-3.371912
196,3,-1,8.759268,-3.3876977
197,3,-1,8.548442,-3.3464336
198,3,-1,9.185467,-2.1760375
199,1,-1,8.270587,2.1998875
200,3,-1,9.28276,-3.089812
201,3,-1,8.547987,-3.2058182
202,3,-1,8.85515,-2.5189779
203,3,-1,8.51999,-2.3889556
204,3,-1,8.44918,-3.30255
205,3,-1,8.677255,-3.468163
206,3,-1,8.82634,-2.7582557
207,3,-1,8.684698,-3.106678
208,3,-1,8.354583,-2.774162
209,3,-1,8.675802,-3.4420326
210,3,-1,9.003967,-2.8685303
211,3,-1,8.370313,-1.3763015
212,3,-1,8.391647,-3.037135
213,3,-1,9.244537,-2.7807145
214,3,-1,8.672257,-2.674132
215,3,-1,8.352546,-2.7635672
216,2,-1,8.719762,-3.5246542
217,3,-1,8.339353,-3.0616107
218,3,-1,8.947143,-3.3953724
219,3,-1,8.816576,-2.3811097
220,3,-1,8.836303,-3.0204842
221,3,-1,8.852185,-2.7508454
222,3,-1,8.705001,-3.393751
223,3,-1,8.702132,-2.6076787
224,3,-1,8.572231,-3.3435187
225,3,-1,8.807942,-3.1137755
226,3,-1,8.660168,-3.2727213
227,3,-1,9.325261,-3.0247593
228,3,-1,8.9133415,-2.7329438
229,3,-1,8.376853,-3.0183597
230,3,-1,8.627708,-3.2578738
231,3,-1,8.774248,-3.22318
232,3,-1,9.364055,-2.7364902
233,3,-1,8.64334,-3.5040448
234,3,-1,8.40754,-3.1154032
235,3,-1,8.576306,-3.2998555
236,1,-1,10.107348,3.1939065
237,3,-1,8.82222,-3.4760108
238,3,-1,8.591041,-3.3585804
239,3,-1,8.283735,-2.704542
240,3,-1,9.727347,-3.0388143
241,3,-1,8.708994,-3.2811682
242,3,-1,8.288042,-1.4684182
243,3,-1,8.339761,-2.7866962
244,3,-1,8.791534,-3.339238
245,3,-1,8.461598,-3.2204509
246,3,-1,8.874012,-3.211808
247,3,-1,8.774074,-2.8960845
248,3,-1,8.803698,-3.5349724
249,3,-1,8.396153,-1.3096033
250,3,-1,8.417338,-1.199634
251,3,-1,8.437137,-1.5927478
252,3,-1,8.399878,-3.2235835
253,3,-1,8.822518,7.7609773
254,3,-1,8.786514,-3.335352
255,3,-1,9.097315,-3.1339903
256,3,-1,8.569143,-3.1451743
257,3,-1,8.72138,-3.2532449
258,3,-1,8.749189,-3.4456036
259,3,-1,8.317996,-3.207807
260,3,-1,8.77603,-3.2207253
261,3,-1,9.210774,-2.77335
262,3,-1,8.702874,-2.9656363
263,3,-1,8.916284,-2.840064
264,3,-1,8.635306,-3.4033115
265,3,-1,8.818494,-3.5004435
266,3,-1,8.977854,-3.5015023
267,3,-1,9.077671,-2.9850028
268,3,-1,8.490953,-2.622321
269,3,-1,8.31252,-2.8200314
270,3,-1,8.77955,-3.0437129
271,4,-1,3.7226825,6.507765
272,4,-1,4.129309,6.716087
273,4,-1,3.8855166,6.713525
274,4,-1,3.6903796,6.668814
275,1,-1,0.092386544,7.4315286
276,1,-1,-0.13115871,7.3173566
277,0,-1,9.356697,9.434404
278,0,-1,8.175792,12.131147
279,4,-1,3.965983,7.1866684
280,0,-1,8.02789,11.744816
281,4,-1,3.7117925,6.645849
282,0,-1,9.017812,9.433087
283,0,-1,9.259512,9.540219
284,0,-1,9.108606,9.518196
285,4,-1,3.4497404,6.879288
286,4,-1,4.1596036,6.871901
287,4,-1,3.7430546,6.8371534
288,4,-1,3.7506258,6.8617067
289,1,-1,-0.16056356,7.291318
290,0,-1,8.990823,9.302682
291,0,-1,8.016601,12.00194
292,0,-1,6.666179,10.5092535
293,4,-1,4.1553836,6.542474
294,4,-1,4.0597186,6.770479
295,1,-1,-0.1821098,7.272273
296,4,-1,4.325899,6.7698045
297,4,-1,3.6280909,6.5748167
298,0,-1,8.104218,11.954311
299,4,-1,4.2638555,6.812214
300,4,-1,4.153316,7.137325
301,0,-1,9.226355,9.606597
302,4,-1,4.2572165,6.698035
303,4,-1,3.88039,6.762223
304,0,-1,8.040146,12.023055
305,0,-1,8.204987,12.298853
306,4,-1,4.536449,7.1861815
307,4,-1,3.4936159,6.7349243
308,0,-1,9.161248,9.543107
309,4,-1,4.1969357,7.4178314
310,4,-1,3.6394703,6.7011957
311,4,-1,3.5848765,6.6938934
312,4,-1,4.152675,7.173462
313,0,-1,8.117583,12.013966
314,3,-1,8.986234,-3.0397468
315,4,-1,3.8377814,6.8518996
316,4,-1,3.7620316,6.5042267
317,0,-1,9.337087,8.10638
318,0,-1,9.259814,8.289055
319,0,-1,9.826241,8.199391
320,0,-1,8.917732,9.533365
321,0,-1,7.784072,9.829395
322,0,-1,9.953266,8.364215
323,0,-1,9.92326,9.270075
324,0,-1,8.014812,3.8711686
325,0,-1,7.777029,9.94549
326,0,-1,8.704608,9.258541
327,0,-1,9.307662,8.395195
328,0,-1,5.972948,10.2760725
329,0,-1,9.409776,9.08381
330,0,-1,9.388714,8.559966
331,0,-1,8.641843,9.294973
332,0,-1,9.554136,7.9655685
333,0,-1,10.140803,8.477644
334,0,-1,9.523077,9.24164
335,0,-1,8.940834,9.295399
336,0,-1,9.7892275,9.12661
337,0,-1,9.68358,8.914998
338,0,-1,9.185664,9.397826
339,0,-1,9.467628,8.398837
340,0,-1,8.885713,9.192259
341,4,-1,4.6428766,7.1909876
342,0,-1,9.872515,8.154313
343,0,-1,9.069202,9.467315
344,0,-1,10.015052,9.171396
345,0,-1,9.802848,8.038652
346,1,-1,-0.21464038,7.3029766
347,0,-1,9.357063,8.661047
348,0,-1,9.113008,9.469589
349,0,-1,10.034477,9.0898075
350,0,-1,8.895001,8.243358
351,0,-1,7.3055224,7.135575
352,0,-1,9.220124,9.214222
353,0,-1,9.515579,9.170767
354,0,-1,9.714821,8.999664
355,0,-1,9.977276,9.131622
356,0,-1,9.692275,8.943889
357,0,-1,9.961962,8.612963
358,0,-1,8.990846,8.469267
359,0,-1,9.046743,8.850831
360,0,-1,9.330464,9.516103
361,3,-1,8.547224,-0.9792241
362,0,-1,10.097939,8.546959
363,0,-1,9.76577,9.216379
364,3,-1,9.634556,0.11177095
365,0,-1,10.1709585,8.60462
366,0,-1,9.65914,7.8446274
367,0,-1,9.811324,8.154815
368,0,-1,9.757117,9.128457
369,4,-1,4.2553077,7.1457806
370,0,-1,9.63956,9.073408
371,0,-1,9.079024,8.351579
372,0,-1,8.776725,8.456572
373,0,-1,7.5329065,10.035366
374,0,-1,10.09659,8.425254
375,0,-1,7.6302595,9.917283
376,0,-1,9.757622,8.904009
377,4,-1,3.3794608,6.7110577
378,0,-1,9.081164,8.223128
379,0,-1,9.849744,8.112503
380,0,-1,9.435994,8.687349
381,0,-1,9.77471,8.656236
382,0,-1,10.128072,8.537531
383,0,-1,9.766643,9.113726
384,0,-1,9.870719,9.351148
385,0,-1,7.906742,4.480601
386,0,-1,8.75229,8.842395
387,0,-1,9.496032,8.657456
388,0,-1,9.693535,9.3205185
389,0,-1,9.8495035,9.092565
390,4,-1,7.8625035,4.368684
391,0,-1,9.947986,9.166087
392,0,-1,9.2907295,8.74077
393,0,-1,9.9134445,9.107264
394,1,-1,10.150128,3.0254674
395,4,-1,4.610539,7.008675
396,0,-1,8.82276,8.523886
397,0,-1,9.691106,7.868923
398,0,-1,8.8384075,9.200946
399,0,-1,10.190039,8.466526
400,0,-1,9.331866,8.74224
401,0,-1,9.828585,9.002362
402,0,-1,9.564219,8.916615
403,0,-1,9.797239,8.800907
404,0,-1,10.127631,8.818644
405,4,-1,3.9268072,6.750929
406,0,-1,9.908055,9.250022
407,0,-1,9.042989,8.000449
408,0,-1,9.524381,9.288149
409,0,-1,9.13692,9.303432
410,0,-1,9.032092,9.270148
411,0,-1,9.237684,8.855386
412,0,-1,9.461605,8.765615
413,4,-1,4.355783,6.926347
414,0,-1,9.953706,8.821625
415,0,-1,9.685331,7.8081746
416,0,-1,9.50922,8.3748255
417,0,-1,9.808142,8.480203
418,0,-1,8.648915,8.727524
419,4,-1,4.549712,7.1067567
420,0,-1,9.670466,8.254545
421,0,-1,9.600073,7.9553127
422,0,-1,5.5443454,10.049176
423,0,-1,9.474714,8.996764
424,0,-1,6.563363,10.451806
425,0,-1,9.800582,9.011393
426,0,-1,9.247278,8.231021
427,0,-1,9.623942,8.316832
428,0,-1,10.071733,8.263941
429,0,-1,9.574802,8.500522
430,0,-1,9.670486,8.923635
431,4,-1,4.553452,7.499864
432,0,-1,10.038054,8.428396
433,0,-1,9.816776,9.214036
434,0,-1,7.9092574,4.4567995
435,0,-1,9.9146805,8.274514
436,0,-1,10.208248,8.700988
437,0,-1,9.201865,9.067446
438,0,-1,9.346537,9.5457535
439,0,-1,8.533491,8.752167
440,0,-1,9.369565,8.582755
441,0,-1,9.451846,9.495954
442,0,-1,9.554515,9.149067
443,0,-1,9.705796,8.57873
444,0,-1,9.884347,9.179894
445,0,-1,9.741731,9.0795145
446,0,-1,9.9796715,8.349258
447,0,-1,8.752279,8.069444
448,0,-1,9.93461,8.22737
449,0,-1,9.9698925,8.326799
450,0,-1,8.861884,8.301941
451,4,-1,4.2902055,6.8021846
452,0,-1,10.005969,9.264301
453,0,-1,9.13731,8.454024
454,0,-1,10.030539,8.982212
455,0,-1,7.5804467,10.083507
456,0,-1,9.792322,8.074638
457,0,-1,9.148543,8.459937
458,0,-1,9.417659,7.7904005
459,4,-1,3.746448,6.588316
460,0,-1,9.695873,9.101896
461,0,-1,8.916154,8.519401
462,0,-1,9.221084,8.840669
463,0,-1,9.12381,8.10937
464,4,-1,4.373363,7.2880025
465,0,-1,8.256445,8.901485
466,0,-1,9.721564,9.382718
467,0,-1,9.24819,8.5277405
468,0,-1,9.625397,8.85412
469,0,-1,9.267477,8.495961
470,0,-1,10.127895,8.558744
471,0,-1,9.688755,7.9209547
472,0,-1,9.51487,8.711101
473,4,-1,3.9687195,6.5350537
474,0,-1,10.1542845,8.481022
475,4,-1,3.9899895,6.873764
476,0,-1,9.883625,8.612554
477,0,-1,9.379475,9.316827
478,0,-1,10.1443205,8.467936
479,0,-1,9.886715,8.421892
480,0,-1,10.115139,8.893451
481,0,-1,9.577577,8.450049
482,0,-1,9.024257,8.260003
483,4,-1,4.303304,6.725674
484,4,-1,3.8191273,6.7096295
485,4,-1,4.233332,6.9469624
486,4,-1,3.3059704,6.7737117
487,3,-1,8.955805,-2.4601808
488,4,-1,4.124335,7.3291388
489,4,-1,4.639285,6.4873557
490,4,-1,3.7487993,6.6146846
491,4,-1,3.80414,6.6619167
492,4,-1,5.1026087,7.2377644
493,4,-1,4.1832323,7.049637
494,4,-1,3.5611582,6.6175146
495,4,-1,4.2281384,7.1925
496,4,-1,4.9003196,6.9181666
497,4,-1,5.059302,7.194601
498,1,-1,-0.26720914,7.2910485
499,4,-1,4.085129,7.037381
500,4,-1,3.9789956,6.53842
501,4,-1,3.7915907,6.90046
502,4,-1,3.8596761,6.937337
503,3,-1,8.9760065,-2.6170025
504,3,-1,8.677974,-2.8810594
505,3,-1,8.985152,-2.6078303
506,4,-1,4.383365,6.696882
507,4,-1,4.2335405,7.048472
508,4,-1,5.006909,7.3300247
509,4,-1,4.4353123,6.748395
510,4,-1,3.6484642,7.2552233
511,4,-1,4.0507245,6.76682
512,3,-1,8.822233,-3.0427096
513,3,-1,8.280208,-2.7256126
514,4,-1,3.5395188,6.963083
515,4,-1,3.8122008,6.6412725
516,4,-1,4.2517476,6.4932466
517,4,-1,3.7999709,6.4554486
518,0,-1,8.095663,12.077806
519,3,-1,8.684887,-3.303549
520,4,-1,3.4853625,6.6708636
521,0,-1,8.189806,12.11898
522,4,-1,4.114822,7.18447
523,4,-1,4.036514,6.444369
524,4,-1,4.7616444,7.0049763
525,4,-1,4.0794497,7.587072
526,4,-1,3.917088,7.0842075
527,4,-1,3.9837127,6.524842
528,4,-1,3.9459455,6.9450455
529,4,-1,4.200042,6.8522534
530,4,-1,3.8743587,6.838479
531,3,-1,8.617965,-3.3920884
532,4,-1,5.077073,7.251509
533,4,-1,3.649427,6.8004465
534,4,-1,4.1828537,6.519213
535,3,-1,9.217175,-2.4577365
536,4,-1,3.585417,6.5226164
537,0,-1,8.12142,12.123072
538,4,-1,4.282765,7.2663465
539,4,-1,4.810016,7.0507646
540,0,-1,8.120026,12.2875185
541,4,-1,5.073653,7.1437945
542,4,-1,3.9625196,6.975694
543,4,-1,3.7979283,6.9670353
544,4,-1,4.0261827,6.8326225
545,4,-1,4.2991643,6.653747
546,4,-1,4.463977,7.220341
547,4,-1,3.4878798,6.781187
548,4,-1,4.2598033,6.713742
549,0,-1,10.049396,8.702516
550,4,-1,4.0390716,6.3787184
551,4,-1,3.899155,6.573636
552,0,-1,8.20832,12.2022
553,4,-1,4.2207313,6.7419934
554,4,-1,4.369716,7.673222
555,4,-1,3.9221761,6.8714924
556,4,-1,3.5582247,6.6138515
557,4,-1,3.7022197,7.529037
558,4,-1,4.333177,6.8478503
559,4,-1,3.706575,6.5802355
560,4,-1,4.350079,7.0362825
561,4,-1,4.0647216,6.47755
562,4,-1,3.5320034,6.527267
563,4,-1,4.7817445,7.02153
564,4,-1,5.1082864,7.2255526
565,0,-1,8.090028,12.38842
566,1,-1,-0.157241,7.3216453
567,0,-1,6.8730607,10.07868
568,0,-1,5.9095235,10.586284
569,0,-1,6.3590856,10.130405
570,0,-1,5.6251965,10.136986
571,0,-1,5.8881288,10.155687
572,0,-1,6.4258175,10.432257
573,0,-1,6.4694085,10.195846
574,0,-1,7.156741,10.005771
575,0,-1,6.0838885,10.458327
576,0,-1,5.767436,10.228008
577,0,-1,6.9795904,9.907835
578,0,-1,5.906092,10.428605
579,0,-1,6.406401,10.408081
580,0,-1,5.8447037,9.960355
581,0,-1,8.147081,9.189402
582,0,-1,6.0515137,10.615395
583,0,-1,6.10675,10.03828
584,0,-1,7.0752983,9.691226
585,0,-1,6.116083,10.609456
586,0,-1,5.557091,10.121842
587,0,-1,6.7705054,9.930335
588,0,-1,6.7295446,10.259691
589,0,-1,6.7284417,10.344475
590,0,-1,5.8595877,10.545262
591,0,-1,6.670523,10.226893
592,0,-1,6.7438745,10.258093
593,0,-1,6.3720093,10.22891
594,0,-1,6.877067,10.359729
595,0,-1,6.2853456,10.624358
596,0,-1,6.206034,10.623629
597,0,-1,6.7331476,9.821035
598,0,-1,5.650934,10.293975
599,0,-1,6.1482477,10.33194
600,1,-1,8.137946,2.9466813
601,0,-1,6.0181746,10.493747
602,0,-1,5.9545736,10.622526
603,0,-1,6.1659384,10.261803
604,1,-1,8.510457,2.5508409
605,3,-1,9.098371,-0.23540941
606,4,-1,4.6228313,6.6035385
607,1,-1,-0.05664859,7.3363996
608,0,-1,7.5957775,9.982117
609,1,-1,0.20667279,7.498133
610,4,-1,3.6417649,7.4162254
611,0,-1,7.3203797,9.872984
612,0,-1,7.556342,10.00853
613,1,-1,0.17147884,7.4978895
614,1,-1,0.15205674,7.4728293
615,1,-1,0.1841888,7.5056963
616,0,-1,4.8137617,6.624395
617,1,-1,9.774316,2.7986124
618,3,-1,9.558091,-1.5283229
619,1,-1,0.18974565,7.4913898
620,4,-1,3.7542806,7.2854357
621,1,-1,0.2078245,7.4792747
622,4,-1,3.5917706,7.1493597
623,1,-1,0.10535208,7.4433036
624,1,-1,0.17694175,7.47871
625,0,-1,7.455669,9.756307
626,0,-1,7.403013,9.976572
627,1,-1,0.18312436,7.487864
628,1,-1,0.20091654,7.508367
629,0,-1,7.0610266,9.423689
630,0,-1,7.799114,10.332434
631,3,-1,8.594829,-0.80998886
632,1,-1,8.198414,2.004032
633,1,-1,9.186554,-0.52914596
634,3,-1,9.523206,-1.6821623
635,1,-1,8.054745,2.136216
636,3,-1,9.206043,-2.1612098
637,1,-1,-0.11277084,7.308567
638,3,-1,8.648719,-0.87828565
639,1,-1,8.162094,2.1214554
640,3,-1,8.615189,-1.1790943
641,1,-1,9.594295,1.0494775
642,3,-1,9.237045,-1.3549064
643,1,-1,-0.06078402,7.3328896
644,0,-1,7.2973413,10.077763
645,0,-1,6.368167,10.110356
646,0,-1,6.7452416,10.039
647,0,-1,6.4130416,9.926067
648,0,-1,6.084626,10.446635
649,0,-1,7.0003796,9.715497
650,0,-1,6.6229267,10.208713
651,0,-1,6.8719387,10.1308565
652,0,-1,6.102078,10.28346
653,0,-1,8.520347,7.3810434
654,3,-1,8.300743,-2.8449762
655,0,-1,8.214652,6.97576
656,0,-1,6.128728,10.20492
657,0,-1,6.0018134,10.465142
658,0,-1,8.663164,7.15238
659,3,-1,10.245402,-2.8554492
660,3,-1,10.189907,-2.56783
661,0,-1,9.958851,9.186507
662,0,-1,6.7192383,9.996915
663,0,-1,6.7982683,9.988148
664,4,-1,4.1606617,7.0429764
665,0,-1,6.197312,9.834922
666,0,-1,6.4400253,10.508988
667,0,-1,6.4696803,9.869853
668,0,-1,8.64699,7.1731715
669,0,-1,6.1403904,10.773658
670,0,-1,5.653628,10.116368
671,0,-1,6.7060323,10.109076
672,0,-1,6.6623406,9.895492
673,0,-1,6.3324876,10.434974
674,0,-1,5.701425,10.088736
675,0,-1,6.8290143,10.204098
676,0,-1,8.638619,7.144201
677,3,-1,10.186787,-2.5097034
678,0,-1,6.8306465,10.181325
679,0,-1,6.9172506,10.33446
680,0,-1,6.5073075,9.7468
681,0,-1,6.8573346,9.971088
682,0,-1,6.188047,10.341359
683,0,-1,6.2420135,10.548741
684,0,-1,7.0183735,10.100189
685,0,-1,6.9439507,9.75215
686,0,-1,6.869905,9.838909
687,0,-1,6.640209,9.987694
688,0,-1,6.125512,10.017062
689,0,-1,6.762272,9.888768
690,0,-1,6.7255,9.8068695
691,0,-1,8.506182,7.3228025
692,0,-1,8.714095,9.654785
693,0,-1,7.943333,9.137244
694,0,-1,6.914455,10.345752
695,0,-1,6.764144,10.080752
696,0,-1,8.207909,6.957877
697,0,-1,8.20111,6.970522
698,0,-1,8.179404,6.941003
699,0,-1,6.237056,10.479529
700,0,-1,8.286073,7.1524987
701,0,-1,6.5617776,10.563036
702,0,-1,6.6613073,10.467443
703,0,-1,8.651801,7.1468916
704,1,-1,8.53527,1.7666816
705,0,-1,6.4007487,9.985615
706,0,-1,8.487906,7.32775
707,0,-1,6.837901,9.875129
708,0,-1,6.8465548,10.00284
709,0,-1,8.197566,6.9505725
710,3,-1,9.627652,-0.3648117
711,3,-1,9.488751,-1.0333072
712,3,-1,9.616815,-0.81241864
713,3,-1,9.483001,-0.33888543
714,3,-1,9.376002,-0.71576333
715,3,-1,9.241148,-0.8650404
716,3,-1,9.707902,-0.73841774
717,3,-1,9.554531,-1.1494665
718,3,-1,9.739288,-0.8854385
719,3,-1,9.305225,-0.9226394
720,3,-1,8.567044,-1.1678205
721,3,-1,9.700156,-0.903563
722,3,-1,9.68818,-0.43617862
723,1,-1,0.017080968,7.387601
724,1,-1,-0.117568955,7.1980853
725,1,-1,0.30503303,7.492326
726,1,-1,0.11752896,7.4565105
727,3,-1,9.348475,-2.4024248
728,0,-1,8.758917,7.891806
729,1,-1,0.041983914,7.398406
730,3,-1,8.707315,-1.0277733
731,3,-1,9.715908,-1.0238543
732,1,-1,0.08449839,7.426603
733,1,-1,0.11586534,7.445026
734,4,-1,3.7593355,7.3346515
735,1,-1,-0.12418277,7.281765
736,4,-1,3.8064742,7.3041
737,3,-1,8.431842,-1.382043
738,4,-1,3.2385123,6.8257403
739,3,-1,9.690663,-0.3103466
740,0,-1,7.261196,9.916489
741,3,-1,8.621087,-1.2331276
742,1,-1,0.034593984,7.396748
743,0,-1,6.286397,10.473331
744,0,-1,6.3920407,9.746632
745,0,-1,6.465255,10.3009405
746,0,-1,7.0230794,9.844994
747,4,-1,3.8087926,7.587373
748,0,-1,6.6583056,9.885803
749,0,-1,6.8019423,10.201269
750,0,-1,5.5867257,10.263268
751,0,-1,6.385383,9.938343
752,0,-1,6.123783,10.630845
753,3,-1,9.6754,-0.94932956
754,0,-1,6.245341,10.324142
755,0,-1,5.8890066,10.029777
756,0,-1,6.115938,10.549339
757,0,-1,6.3672757,10.26649
758,0,-1,6.444168,10.206863
759,0,-1,6.0770483,10.39935
760,0,-1,5.6232247,10.140252
761,0,-1,6.4126525,10.58323
762,0,-1,6.6291966,10.457332
763,0,-1,6.263089,10.305528
764,0,-1,6.558956,10.344087
765,0,-1,6.5382314,10.536425
766,3,-1,4.6730676,6.520101
767,0,-1,6.0562897,10.318071
768,0,-1,5.742601,10.095281
769,0,-1,7.0650353,9.86425
770,0,-1,7.61194,9.954768
771,0,-1,5.586377,10.168783
772,0,-1,6.042052,10.746572
773,0,-1,6.2154517,10.622925
774,0,-1,6.4087477,10.243434
775,0,-1,5.951404,10.577529
776,0,-1,8.80331,7.964379
777,0,-1,6.441945,10.596307
778,0,-1,5.6963453,10.278813
779,0,-1,5.865798,10.501529
780,0,-1,6.5843844,10.173416
781,0,-1,5.820336,10.555136
782,0,-1,6.1430774,10.216037
783,0,-1,6.6190777,9.846011
784,0,-1,6.7104607,10.093195
785,0,-1,5.8994184,10.413105
786,0,-1,6.490124,10.540343
787,0,-1,5.96297,10.574582
788,0,-1,7.0384684,9.710648
789,0,-1,6.332586,10.57964
790,0,-1,5.553389,10.191792
791,0,-1,7.8967075,8.839953
792,0,-1,6.004067,10.582115
793,3,-1,9.060774,-0.88230723
794,0,-1,6.226783,10.238161
795,0,-1,5.963858,10.585678
796,0,-1,6.1261773,9.819846
797,0,-1,6.2458715,10.010626
798,0,-1,5.9561005,10.530961
799,0,-1,5.625783,10.240467
800,0,-1,6.0317163,10.57155
801,0,-1,6.4539137,9.567547
802,3,-1,10.655758,-0.19566527
803,3,-1,10.931028,-0.5201163
804,3,-1,8.888282,0.8616364
805,3,-1,9.779532,-0.06058397
806,3,-1,10.386334,-0.17853281
807,3,-1,10.951084,-0.28607482
808,3,-1,9.670332,0.043726802
809,3,-1,10.789483,-0.54613954
810,0,-1,8.332649,8.665403
811,3,-1,10.934833,-0.14512943
812,3,-1,10.4381075,0.14212576
813,3,-1,10.836757,-0.37389085
814,1,-1,9.235202,0.7628864
815,1,-1,9.504989,2.7215698
816,3,-1,10.890487,-0.6571143
817,1,-1,8.477821,2.6578295
818,1,-1,9.292269,2.4741418
819,1,-1,8.313311,2.1099243
820,3,-1,10.09373,-1.9285315
821,3,-1,9.210714,-0.2024186
822,3,-1,10.539674,0.18554907
823,1,-1,9.932705,0.4374322
824,3,-1,10.429671,0.15825245
825,3,-1,10.558329,-0.13251063
826,3,-1,9.093926,-0.27557766
827,3,-1,10.959769,-0.46777442
828,3,-1,11.030268,-0.39647165
829,1,-1,8.208166,3.4493306
830,3,-1,9.990025,0.035752397
831,3,-1,10.600735,-0.32322168
832,3,-1,9.145638,-2.4014444
833,3,-1,8.773741,-0.39743134
834,3,-1,10.819196,-0.3668441
835,3,-1,10.467368,-2.5465415
836,3,-1,10.029826,0.844791
837,3,-1,10.670056,-0.35020727
838,3,-1,10.677619,0.060574725
839,3,-1,10.099866,0.64415514
840,3,-1,10.577865,-0.20306045
841,3,-1,10.57803,-0.2998675
842,2,-1,8.7033415,-3.470646
843,3,-1,10.570685,-0.25951308
844,3,-1,10.30636,0.40592945
845,3,-1,10.951417,0.1950126
846,3,-1,10.66935,0.014335073
847,1,-1,8.680485,1.0625387
848,1,-1,8.714488,1.0818235
849,0,-1,8.133574,7.9586015
850,3,-1,10.634516,-0.19905876
851,1,-1,8.273125,3.4495308
852,3,-1,10.862648,-0.48587275
853,3,-1,10.912244,-0.6298472
854,1,-1,8.285023,3.4475434
855,1,-1,9.312201,1.5950717
856,3,-1,9.424667,1.8624028
857,3,-1,10.675815,0.018782955
858,1,-1,8.866052,2.753535
859,1,-1,9.044605,0.88235986
860,3,-1,10.420618,-0.51575196
861,1,-1,8.650904,2.9844294
862,3,-1,10.773035,-0.39752933
863,3,-1,10.737818,-0.61843383
864,1,-1,8.9720745,2.0795708
865,1,-1,9.3792515,0.58248794
866,3,-1,10.94242,-0.19710837
867,3,-1,10.974253,-0.49596426
868,3,-1,10.928832,0.40676636
869,3,-1,8.72374,0.75089973
870,3,-1,8.428695,3.3063812
871,3,-1,10.978959,-0.59898376
872,3,-1,10.653432,0.09798746
873,3,-1,10.933326,-0.55767775
874,3,-1,10.49345,0.1861313
875,3,-1,11.11294,0.07544451
876,1,-1,8.819774,0.76000744
877,3,-1,10.618314,-0.40828705
878,1,-1,9.203394,0.34806165
879,3,-1,10.966644,-0.38159892
880,0,-1,8.101286,12.329881
881,4,-1,3.8655143,6.5297055
882,1,-1,-0.060952913,7.353943
883,1,-1,-0.15922646,7.315968
884,4,-1,3.74686,7.410725
885,4,-1,3.3955092,7.227823
886,1,-1,-0.23038556,7.288438
887,1,-1,-0.14579372,7.291381
888,3,-1,9.885089,-0.48421153
889,1,-1,9.43361,2.6799011
890,1,-1,9.344367,2.5097232
891,1,-1,8.553531,1.6324813
892,3,-1,10.466822,0.73731524
893,3,-1,10.81628,0.6318488
894,3,-1,10.297604,0.74009424
895,1,-1,8.575408,1.7661872
896,3,-1,9.653251,-1.4812747
897,1,-1,8.3965645,3.2215934
898,3,-1,9.826308,-0.3304892
899,3,-1,9.8540535,0.08513097
900,1,-1,8.560517,2.0093486
901,1,-1,9.734382,2.671851
902,1,-1,9.4956,2.5478384
903,1,-1,8.558685,1.6727699
904,3,-1,9.622062,0.4650935
905,3,-1,10.810472,0.07834794
906,3,-1,9.415921,-1.7378526
907,1,-1,8.556328,2.0917785
908,3,-1,8.684369,3.297056
909,1,-1,10.154149,2.8992975
910,3,-1,10.7548275,0.382993
911,0,-1,8.768558,8.199232
912,3,-1,8.444841,3.2762933
913,1,-1,8.98009,1.9392815
914,3,-1,10.743204,-0.054495808
915,1,-1,8.497399,1.427308
916,3,-1,9.488709,0.64465
917,3,-1,10.531769,0.39548928
918,1,-1,8.4125595,2.0190148
919,1,-1,8.760994,1.2147053
920,3,-1,10.420467,0.08921285
921,1,-1,8.55725,1.2605034
922,3,-1,10.15694,2.6814115
923,1,-1,9.271921,1.6940795
924,3,-1,8.688563,3.298275
925,3,-1,10.598103,0.66135645
926,1,-1,9.612969,2.8075068
927,3,-1,10.688989,0.8080063
928,1,-1,8.775461,1.8422742
929,3,-1,10.692272,0.58075315
930,3,-1,9.881686,-0.36111233
931,1,-1,8.4499855,1.9723125
932,3,-1,10.024149,0.17696157
933,3,-1,10.611233,0.21528558
934,1,-1,7.9829183,3.2114635
935,3,-1,10.496375,0.8477902
936,3,-1,10.143235,0.21200646
937,1,-1,8.699996,1.8577913
938,3,-1,10.364362,0.034343593
939,1,-1,10.253414,2.9471138
940,1,-1,8.811948,1.9217652
941,1,-1,8.948006,1.9488745
942,3,-1,9.854316,0.36010107
943,1,-1,9.134281,2.375081
944,3,-1,8.940711,-0.2400831
945,3,-1,10.731737,0.4800463
946,1,-1,8.697933,1.9713823
947,1,-1,8.244844,3.480872
948,3,-1,10.04862,0.24685752
949,3,-1,10.727797,0.71630526
950,1,-1,8.951285,1.2778003
951,3,-1,10.954586,0.2669121
952,1,-1,9.674309,2.3088386
953,1,-1,8.933405,2.171594
954,3,-1,10.785206,0.45633146
955,1,-1,8.174147,2.0588417
956,3,-1,9.369247,0.07837148
957,1,-1,9.72159,2.4424243
958,1,-1,8.256365,2.2582948
959,3,-1,8.996625,-0.5849159
960,3,-1,9.90203,0.46716747
961,3,-1,9.944031,0.14685121
962,1,-1,7.865186,3.8538282
963,3,-1,10.170062,0.34816715
964,3,-1,10.089069,0.23762107
965,1,-1,8.869978,2.026945
966,1,-1,9.122337,0.59832215
967,3,-1,10.475339,0.84157413
968,3,-1,10.80891,0.10226958
969,3,-1,10.6319895,0.6077533
970,1,-1,8.744886,-0.013438178
971,3,-1,10.567185,0.35869807
972,1,-1,9.670138,2.6774576
973,1,-1,9.983728,0.7242031
974,1,-1,9.660919,2.6022136
975,3,-1,9.78984,0.007493796
976,3,-1,10.691026,0.22168964
977,3,-1,9.198574,-0.5298733
978,3,-1,9.488211,-0.13497837
979,1,-1,9.625616,1.1863707
980,3,-1,10.741468,0.06224021
981,3,-1,9.554074,0.49431086
982,3,-1,9.093429,-0.14148611
983,3,-1,10.021634,0.3377454
984,1,-1,8.060617,3.486139
985,3,-1,10.583912,0.09129888
986,1,-1,8.730367,2.8488007
987,3,-1,9.908307,-0.05856944
988,1,-1,8.917396,2.3442214
989,1,-1,8.612818,1.7304461
990,3,-1,10.514075,0.8012129
991,3,-1,10.705013,0.49261022
992,1,-1,8.642133,1.9321578
993,3,-1,8.669497,0.09736335
994,3,-1,10.546375,0.8037075
995,3,-1,10.775334,0.434467
996,1,-1,8.7020035,2.0572865
997,3,-1,10.3380575,0.7925423
998,1,-1,8.005801,3.382205
999,3,-1,10.340523,0.18944485
1000,1,-1,8.104302,2.191091
1001,3,-1,10.739338,0.20977047
1002,3,-1,10.335367,0.65274733
1003,3,-1,9.184394,-0.37072963
1004,1,-1,8.292528,1.9726036
1005,3,-1,9.981897,-0.053705323
1006,3,-1,8.894909,-0.6230813
1007,3,-1,9.210654,-0.27135378
1008,1,-1,8.168845,2.248811
1009,3,-1,10.815824,0.31086597
1010,3,-1,10.762268,0.36125767
1011,3,-1,10.5163145,0.49674708
1012,3,-1,10.688752,0.5387135
1013,3,-1,9.720204,0.790361
1014,3,-1,10.445379,0.68290275
1015,3,-1,10.656653,0.53843826
1016,3,-1,10.515157,0.9004827
1017,3,-1,10.717233,0.05033598
1018,3,-1,8.410385,3.3512673
1019,1,-1,7.864864,3.8588476
1020,1,-1,8.642674,1.7580559
1021,3,-1,10.730619,0.26812357
1022,1,-1,8.712499,1.8556064
1023,1,-1,8.906574,1.8283795
1024,1,-1,8.262066,3.3564856
1025,1,-1,8.781111,1.7957147
1026,1,-1,8.661411,1.7653223
1027,1,-1,8.635247,1.6529961
1028,3,-1,9.877669,0.17124876
1029,3,-1,8.923678,-0.31255174
1030,1,-1,8.393371,1.8763108
1031,3,-1,9.813831,0.2300669
1032,3,-1,9.857907,0.079685986
1033,1,-1,8.687038,1.8151826
1034,1,-1,9.3614435,2.4926732
1035,3,-1,8.826268,1.0057013
1036,1,-1,8.765996,2.8660617
1037,3,-1,10.381212,0.21629348
1038,1,-1,9.527416,2.6346586
1039,1,-1,9.178839,2.4683955
1040,3,-1,8.417232,3.3051522
1041,1,-1,7.9011946,3.8439236
1042,3,-1,8.442326,3.3471615
1043,1,-1,7.9734635,3.6935287
1044,1,-1,8.708958,0.029280083
1045,1,-1,8.26951,2.2542217
1046,1,-1,7.991384,3.6287825
1047,3,-1,10.336181,0.21687841
1048,3,-1,10.605097,0.717739
1049,1,-1,8.59532,1.9790201
1050,3,-1,10.060249,0.25273252
1051,3,-1,8.658466,3.323407
1052,1,-1,8.639766,2.2997248
1053,3,-1,10.739987,-0.044848643
1054,3,-1,10.285001,0.0101749925
1055,3,-1,10.446066,0.7212081
1056,3,-1,10.779595,0.039365035
1057,1,-1,8.937966,1.3857863
1058,1,-1,7.950213,3.7345037
1059,3,-1,10.824691,0.20987031
1060,3,-1,10.146893,0.52500486
1061,1,-1,7.9555,3.7087862
1062,1,-1,8.1362,3.5053573
1063,3,-1,11.08112,-0.16906999
1064,3,-1,8.380046,3.3405454
1065,3,-1,10.442327,0.8678434
1066,3,-1,10.238535,0.0105543975
1067,3,-1,8.880425,-0.06425015
1068,1,-1,9.493672,2.6790006
1069,3,-1,8.971058,-0.3090912
1070,1,-1,8.1336355,2.2869346
1071,3,-1,10.378428,0.77085596
1072,1,-1,8.7563925,2.1061609
1073,3,-1,8.301744,3.4372237
1074,1,-1,8.898056,1.3529512
1075,1,-1,9.28545,0.33811378
1076,3,-1,9.396898,-0.97462255
1077,1,-1,8.901254,1.3279434
1078,3,-1,10.24076,-0.16049346
1079,1,-1,9.349813,2.5487456
1080,3,-1,9.245987,-0.17854743
1081,1,-1,8.590296,1.9755895
1082,1,-1,8.893461,1.1636803
1083,1,-1,8.038787,3.5963764
1084,1,-1,8.422381,2.0135484
1085,3,-1,8.831908,-0.1966725
1086,3,-1,10.331528,0.056072813
1087,1,-1,8.158581,3.3691642
1088,3,-1,10.650932,0.3827641
1089,1,-1,8.750827,0.83703196
1090,1,-1,8.58317,2.186914
1091,1,-1,8.758892,1.2683619
1092,3,-1,10.636371,0.23870645
1093,3,-1,10.877229,0.0052970764
1094,3,-1,9.813012,0.04643718
1095,3,-1,9.598138,0.15137148
1096,3,-1,9.688614,-1.0427275
1097,3,-1,8.425867,3.3271835
1098,1,-1,9.468357,2.8500133
1099,3,-1,10.361188,0.48215622
1100,1,-1,8.619421,1.9302768
1101,3,-1,10.393038,0.17619
1102,3,-1,10.4058075,0.8057644
1103,1,-1,8.006836,3.5411537
1104,3,-1,9.80817,0.55571204
1105,3,-1,8.9061985,-1.6940223
1106,3,-1,8.786987,-2.494331
1107,3,-1,9.07215,-1.9896833
1108,3,-1,8.652496,-0.8015898
1109,3,-1,9.0992365,-2.0314023
1110,3,-1,9.635427,1.0275626
1111,3,-1,9.831102,0.31997687
1112,3,-1,10.181409,0.50323933
1113,3,-1,9.900396,0.8825533
1114,3,-1,9.057553,-1.2929983
1115,3,-1,8.992333,-0.55839247
1116,3,-1,9.215504,1.0160518
1117,3,-1,8.747463,-2.0535963
1118,3,-1,8.661669,-3.58654
1119,3,-1,8.389208,-1.0962471
1120,3,-1,9.037185,-1.9979339
1121,3,-1,8.560539,-2.0817811
1122,3,-1,9.068121,-2.5864224
1123,3,-1,8.573877,-1.7665354
1124,3,-1,9.432724,-1.9808971
1125,3,-1,8.653138,0.06278506
1126,3,-1,9.323567,-0.36506453
1127,3,-1,8.436107,-2.0630352
1128,3,-1,9.916024,-2.1840856
1129,3,-1,8.633701,-2.108036
1130,3,-1,8.782959,-1.2205801
1131,3,-1,8.737823,-2.2218087
1132,1,-1,9.629672,1.0138199
1133,3,-1,7.0513983,6.924961
1134,3,-1,9.676941,1.0535588
1135,0,-1,8.154319,7.03452
1136,3,-1,8.325485,-1.4221972
1137,3,-1,8.700473,-0.14795859
1138,3,-1,9.576188,0.17448312
1139,3,-1,8.503628,-2.1931982
1140,3,-1,9.181644,-2.1295614
1141,3,-1,9.425544,1.0288242
1142,3,-1,10.255288,-0.21003968
1143,3,-1,8.762081,-2.398577
1144,3,-1,10.216959,-0.19003853
1145,3,-1,8.922439,-0.39595628
1146,3,-1,8.463342,-2.3508437
1147,3,-1,9.666103,1.0794406
1148,3,-1,8.614085,-1.9162744
1149,3,-1,10.136923,0.58634895
1150,3,-1,8.413882,-1.8445817
1151,3,-1,8.679816,-0.7083107
1152,3,-1,9.079854,-1.2466773
1153,3,-1,8.79798,0.5459863
1154,3,-1,9.8078985,0.36302996
1155,3,-1,8.899766,-3.0329766
1156,0,-1,8.180601,7.966668
1157,3,-1,8.898711,-2.485046
1158,3,-1,9.833244,0.2928256
1159,3,-1,8.647865,-2.2163928
1160,3,-1,8.843482,-2.1021404
1161,3,-1,8.629691,-1.1792992
1162,3,-1,9.394642,-2.9337075
1163,3,-1,8.501596,-1.9345725
1164,3,-1,10.200292,0.18821834
1165,3,-1,8.762064,0.4061803
1166,1,-1,8.573288,0.96439135
1167,3,-1,9.704764,0.46648204
1168,3,-1,9.580224,-2.9488497
1169,3,-1,8.681429,-2.1507173
1170,1,-1,8.639066,1.2343292
1171,3,-1,8.958361,-2.9141383
1172,3,-1,10.073218,0.8266148
1173,3,-1,8.546399,-2.0734835
1174,3,-1,8.75191,-2.107759
1175,1,-1,9.827658,3.105756
1176,3,-1,8.598799,-2.3260753
1177,1,-1,8.23485,3.4764104
1178,3,-1,8.704849,-0.7358249
1179,3,-1,8.92537,-0.8856302
1180,3,-1,9.266558,-1.5451293
1181,0,-1,9.138255,7.9317555
1182,3,-1,8.797511,0.8055936
1183,3,-1,9.185758,-0.9990037
1184,3,-1,8.989897,-2.9180238
1185,3,-1,10.066753,0.28248626
1186,3,-1,9.653956,0.27579772
1187,3,-1,9.238376,-1.5270528
1188,3,-1,8.637776,-1.2278734
1189,3,-1,9.4548025,-1.7610776
1190,3,-1,8.61529,-2.029424
1191,3,-1,8.625075,-2.2028131
1192,3,-1,8.701988,-0.6648465
1193,3,-1,8.513829,-2.5516207
1194,3,-1,8.870161,-1.9964257
1195,3,-1,8.784986,0.12435589
1196,3,-1,8.746468,0.74146813
1197,3,-1,9.394114,-2.907884
1198,3,-1,9.480253,-1.1372527
1199,3,-1,9.353822,-0.049442112
1200,3,-1,9.54555,-0.16215023
1201,3,-1,9.635809,-2.865527
1202,3,-1,10.134054,0.31819972
1203,3,-1,9.571836,-1.6088916
1204,3,-1,9.550399,-2.6515844
1205,3,-1,9.660493,1.0268501
1206,3,-1,8.715165,-2.2737317
1207,3,-1,10.453038,-0.09220631
1208,3,-1,8.875693,-0.9722858
1209,1,-1,8.66388,1.1706489
1210,3,-1,9.079388,-2.4966626
1211,3,-1,9.257281,0.11497902
1212,3,-1,10.314547,-2.644034
1213,1,-1,8.798954,0.92040586
1214,1,-1,9.606815,2.3656743
1215,3,-1,10.263825,0.39854908
1216,1,-1,9.995777,3.1506934
1217,3,-1,10.512489,0.5111157
1218,1,-1,8.875813,1.7309053
1219,3,-1,10.075229,-2.12147
1220,3,-1,10.26329,-2.3228617
1221,0,-1,9.70156,7.883662
1222,1,-1,9.442557,2.3848457
1223,3,-1,8.897433,-0.30848745
1224,1,-1,8.172563,2.7466946
1225,1,-1,10.150457,2.8877869
1226,3,-1,9.441004,0.042877577
1227,1,-1,9.845794,2.49368
1228,1,-1,8.69561,2.8846524
1229,3,-1,10.937526,-0.42674002
1230,1,-1,8.5809965,2.0510209
1231,3,-1,10.595408,0.63248026
1232,0,-1,10.35753,8.053283
1233,1,-1,9.546458,2.4996228
1234,1,-1,8.423005,3.3689864
1235,1,-1,9.633979,2.7652006
1236,3,-1,10.784311,-0.031764258
1237,3,-1,8.948183,-0.6172644
1238,1,-1,7.896055,3.7745512
1239,3,-1,10.462801,0.45665717
1240,1,-1,10.177498,0.91274375
1241,3,-1,8.680767,-0.84578294
1242,1,-1,7.9465733,3.7620683
1243,1,-1,7.880914,3.7600524
1244,3,-1,10.645971,-0.3078634
1245,1,-1,8.898994,2.4632683
1246,1,-1,8.484725,2.2156894
1247,3,-1,10.878059,-0.046897974
1248,3,-1,9.444404,-0.06530156
1249,3,-1,10.992306,-0.14146824
1250,1,-1,10.108491,3.0634074
1251,1,-1,10.814837,-0.29129583
1252,3,-1,10.738201,-0.6766771
1253,1,-1,8.277792,1.3598133
1254,3,-1,10.856566,-0.5581277
1255,1,-1,9.277503,1.9750719
1256,3,-1,8.943079,-0.21493134
1257,1,-1,8.972274,2.5175943
1258,1,-1,8.284302,2.6059005
1259,3,-1,9.865082,-0.017280959
1260,1,-1,9.382566,2.2144322
1261,1,-1,8.72168,2.920516
1262,3,-1,4.2878885,6.3441186
1263,3,-1,10.130913,0.042915694
1264,1,-1,9.764935,2.2254627
1265,1,-1,9.163647,2.4969544
1266,3,-1,9.080205,-0.13122459
1267,1,-1,8.524108,1.0771801
1268,3,-1,10.752636,-0.3778466
1269,3,-1,8.551622,-0.8720346
1270,1,-1,9.004744,0.9526559
1271,3,-1,10.574228,0.87059677
1272,1,-1,9.759794,2.8386357
1273,3,-1,9.805268,-0.35842893
1274,3,-1,10.635886,0.5691849
1275,3,-1,10.648156,0.43035525
1276,3,-1,10.480732,-0.17694195
1277,3,-1,10.840657,-0.93935704
1278,3,-1,10.843735,0.23770496
1279,1,-1,9.003102,1.0030582
1280,3,-1,9.127201,-0.0037785252
1281,1,-1,9.571839,2.6138918
1282,3,-1,10.732573,0.33277762
1283,1,-1,8.473996,1.7230188
1284,3,-1,10.943654,-1.0596781
1285,1,-1,9.752502,2.7036161
1286,3,-1,10.616399,-0.6897313
1287,4,-1,4.6478095,7.4224606
1288,1,-1,0.14154193,7.468304
1289,4,-1,4.019571,6.6789217
1290,4,-1,4.324022,6.484811
1291,4,-1,3.4828842,7.3848867
1292,3,-1,9.136294,-2.544556
1293,3,-1,9.547802,-2.8932984
1294,4,-1,3.6457283,7.062954
1295,4,-1,3.9948487,6.6858444
1296,4,-1,4.3912535,6.8714833
1297,4,-1,4.1824465,6.8639555
1298,3,-1,10.887869,-0.5019673
1299,1,-1,9.809549,2.489649
1300,0,-1,6.9070253,9.976294
1301,0,-1,8.795476,8.473662
1302,1,-1,9.216717,2.253156
1303,1,-1,10.011386,3.1122663
1304,1,-1,8.905603,0.9678905
1305,0,-1,8.344273,7.208499
1306,0,-1,7.4505854,8.60002
1307,0,-1,7.711971,10.039949
1308,0,-1,8.579029,7.9930887
1309,1,-1,8.317285,3.4438467
1310,3,-1,9.759417,-0.8986922
1311,1,-1,10.051496,3.1583767
1312,0,-1,7.8690743,9.636013
1313,1,-1,9.536785,2.5390832
1314,1,-1,9.650074,2.6829982
1315,0,-1,5.9205356,9.722796
1316,0,-1,8.578989,8.021784
1317,1,-1,8.072914,2.4373636
1318,1,-1,9.184773,2.195436
1319,1,-1,9.578246,2.7075603
1320,0,-1,7.8798456,8.612724
1321,1,-1,9.226396,1.8082318
1322,1,-1,7.872977,3.914238
1323,1,-1,8.311789,1.887379
1324,0,-1,8.179403,7.964837
1325,1,-1,10.086588,3.2204769
1326,1,-1,10.020238,3.0560324
1327,1,-1,10.142957,3.057795
1328,1,-1,9.561433,2.7620084
1329,1,-1,8.367775,1.8029633
1330,3,-1,10.600003,0.07213238
1331,0,-1,5.5035977,10.041995
1332,3,-1,10.82872,0.5082459
1333,1,-1,8.993622,2.6990712
1334,1,-1,9.443023,2.4681456
1335,1,-1,9.474234,2.8717492
1336,0,-1,8.178346,8.645026
1337,0,-1,9.282116,8.6575775
1338,1,-1,9.893353,2.8595066
1339,1,-1,8.5554,1.7828656
1340,0,-1,8.838094,7.8312483
1341,1,-1,9.314101,2.1890574
1342,1,-1,9.373518,2.1754522
1343,3,-1,10.76283,0.42125797
1344,1,-1,9.126593,1.0023879
1345,3,-1,10.9806795,-0.31553918
1346,1,-1,9.629632,2.594662
1347,0,-1,7.7753034,8.825352
1348,0,-1,7.815195,8.629325
1349,1,-1,8.141875,1.9482827
1350,3,-1,9.53206,-0.6001677
1351,0,-1,7.9182606,9.179405
1352,3,-1,10.484215,0.8277393
1353,0,-1,8.5645075,7.5547075
1354,1,-1,9.705128,2.712511
1355,1,-1,9.444446,2.6825366
1356,3,-1,9.108747,-0.22406025
1357,1,-1,9.945567,2.9066164
1358,1,-1,10.050949,2.9098706
1359,3,-1,10.610872,-0.13531761
1360,1,-1,10.03097,3.1202383
1361,1,-1,8.148706,2.9747465
1362,1,-1,9.2849245,2.1405444
1363,1,-1,9.425348,1.9273357
1364,3,-1,10.15864,-0.29816943
1365,1,-1,9.4604225,2.529344
1366,0,-1,6.8226833,8.748472
1367,1,-1,9.693133,2.9824443
1368,1,-1,9.467975,2.617625
1369,0,-1,8.19594,7.996695
1370,1,-1,9.950228,3.0493016
1371,1,-1,9.74995,2.5071883
1372,0,-1,8.120755,7.913646
1373,0,-1,8.213719,8.669454
1374,0,-1,10.371581,8.035581
1375,0,-1,8.0991745,7.915499
1376,3,-1,9.781586,-1.4393889
1377,0,-1,7.843865,8.647371
1378,1,-1,9.236783,2.5027492
1379,3,-1,10.582355,0.78012264
1380,0,-1,8.189257,7.9109426
1381,1,-1,8.755828,2.8065164
1382,0,-1,7.6408243,8.268993
1383,1,-1,10.17785,2.8572237
1384,1,-1,8.332559,1.7420324
1385,3,-1,10.760024,0.14422455
1386,1,-1,10.097609,3.0734317
1387,0,-1,8.129426,8.970595
1388,1,-1,8.965593,2.2623568
1389,1,-1,8.081759,2.6256735
1390,0,-1,8.212552,7.8534913
1391,0,-1,7.8505626,8.613737
1392,0,-1,8.033139,8.39642
1393,0,-1,8.1357975,7.87275
1394,0,-1,7.8626013,8.55682
1395,1,-1,9.174428,2.5275493
1396,3,-1,10.174662,-2.532529
1397,0,-1,8.040228,8.131956
1398,1,-1,9.276594,1.9822453
1399,0,-1,7.855543,8.727731
1400,1,-1,9.397571,2.1272285
1401,1,-1,10.125199,3.0210161
1402,1,-1,9.411446,2.3520236
1403,1,-1,8.737512,0.01801404
1404,0,-1,7.9402804,8.452693
1405,4,-1,3.4951696,6.9859843
1406,1,-1,9.006953,2.9926155
1407,1,-1,9.4335165,2.5219977
1408,1,-1,9.535522,2.6701841
1409,1,-1,9.371112,2.5755746
1410,0,-1,8.140112,7.983217
1411,1,-1,8.361814,1.9888637
1412,1,-1,8.811751,2.6775074
1413,1,-1,8.733229,2.6906507
1414,0,-1,8.095745,8.59982
1415,3,-1,9.020944,-0.074860334
1416,4,-1,3.394526,7.2393584
1417,0,-1,8.9161215,9.296786
1418,3,-1,8.7914505,-2.0678995
1419,4,-1,4.121916,7.2658997
1420,3,-1,8.33924,-1.282365
1421,4,-1,4.3304906,7.248629
1422,4,-1,3.612366,7.248765
1423,3,-1,9.050026,-2.633523
1424,4,-1,4.2379966,6.62343
1425,4,-1,4.447001,7.519245
1426,0,-1,6.9217544,10.386514
1427,3,-1,8.722401,-2.0456984
1428,3,-1,8.736023,-2.1094828
1429,3,-1,8.648022,-2.225353
1430,4,-1,4.316633,6.5300527
1431,4,-1,3.7126088,6.887455
1432,3,-1,8.820314,-2.332272
1433,4,-1,3.8280714,7.5583797
1434,3,-1,10.119841,-2.213661
1435,3,-1,9.565963,-1.5102865
1436,4,-1,3.535757,6.883644
1437,3,-1,9.826078,0.61152637
1438,3,-1,9.0573015,-2.1403153
1439,4,-1,3.5552602,7.50707
1440,4,-1,4.3512435,7.4333677
1441,4,-1,3.783536,7.151005
1442,4,-1,3.5781224,7.3464055
1443,3,-1,8.758979,0.7641026
1444,3,-1,8.997892,-2.5656505
1445,4,-1,3.836036,7.1759562
1446,4,-1,3.6891677,7.3710275
1447,4,-1,3.4587996,7.235878
1448,4,-1,4.0787635,7.559911
1449,3,-1,8.494848,-2.144737
1450,3,-1,9.151601,-2.701639
1451,3,-1,9.412038,-1.5329883
1452,1,-1,8.508523,1.1087499
1453,4,-1,4.254566,7.439819
1454,4,-1,3.7633555,7.616331
1455,4,-1,4.129322,6.9308343
1456,4,-1,3.7051082,6.646659
1457,0,-1,4.3424106,7.565883
1458,4,-1,4.162312,7.1702847
1459,3,-1,9.461244,-2.8271484
1460,3,-1,4.26606,6.4017897
1461,3,-1,8.617741,-2.3228896
1462,4,-1,3.6552548,7.015693
1463,4,-1,4.344633,7.6467457
1464,4,-1,4.199179,7.5407324
1465,3,-1,9.656544,-3.0131512
1466,4,-1,3.608323,6.8621774
1467,4,-1,3.6027381,7.3014493
1468,0,-1,6.0077324,10.3352995
1469,4,-1,4.8686304,6.8698235
1470,4,-1,4.4718637,7.373186
1471,4,-1,4.3792615,7.4444284
1472,0,-1,7.6712937,9.924819
1473,0,-1,7.9185896,9.055694
1474,0,-1,7.7027955,7.302118
1475,0,-1,8.140612,8.215126
1476,0,-1,9.927588,3.4391181
1477,0,-1,7.9763336,8.006172
1478,0,-1,6.698456,7.258096
1479,4,-1,6.442622,7.4050117
1480,3,-1,10.649347,-0.15475725
1481,0,-1,7.7274384,9.956111
1482,0,-1,7.6733646,9.978011
1483,0,-1,7.72298,9.849924
1484,0,-1,7.6648073,9.858521
1485,0,-1,7.857908,8.644503
1486,0,-1,7.722329,9.870325
1487,0,-1,8.109682,7.8925614
1488,0,-1,8.560357,8.363549
1489,0,-1,7.5138326,10.044868
1490,0,-1,8.099637,7.9253716
1491,0,-1,7.942522,8.450866
1492,0,-1,8.306823,8.312331
1493,0,-1,8.041013,8.436488
1494,0,-1,7.619561,9.946828
1495,0,-1,7.032067,9.076398
1496,0,-1,7.905638,8.775803
1497,0,-1,8.100738,12.165077
1498,0,-1,7.5860267,9.108363
1499,0,-1,8.1848345,12.086307
1500,0,-1,7.7308483,8.844553
1501,0,-1,8.030822,11.645269
1502,4,-1,4.321726,7.525202
1503,4,-1,4.332905,7.387615
1504,4,-1,3.9578083,7.2109256
1505,0,-1,8.103806,12.096915
1506,4,-1,4.408531,6.5268745
1507,0,-1,8.222523,11.935525
1508,0,-1,7.7810473,8.8009615
1509,0,-1,8.149418,12.029039
1510,4,-1,3.9117131,7.6878114
1511,4,-1,3.6920278,7.4028854
1512,0,-1,8.307213,8.867645
1513,0,-1,8.245064,8.840544
1514,0,-1,8.097569,11.94372
1515,0,-1,7.7163587,8.894785
1516,4,-1,4.083207,7.3731017
1517,4,-1,3.619487,6.98115
1518,4,-1,4.212367,7.3247213
1519,0,-1,8.146791,11.980613
1520,0,-1,7.9164424,9.050537
1521,0,-1,7.842222,10.467749
1522,4,-1,3.983695,7.922815
1523,0,-1,8.666144,9.047044
1524,0,-1,8.168348,12.177288
1525,4,-1,4.2537208,7.408772
1526,0,-1,8.222914,12.189313
1527,0,-1,7.75563,8.8882
1528,0,-1,7.6346345,9.927183
1529,4,-1,4.0611005,7.2072186
1530,0,-1,8.049288,11.612949
1531,0,-1,8.172578,12.121625
1532,0,-1,7.80213,9.372369
1533,0,-1,7.7196407,8.8887205
1534,0,-1,8.050227,11.917262
1535,0,-1,8.150856,12.204425
1536,0,-1,8.118927,12.186771
1537,4,-1,4.644471,7.4522476
1538,0,-1,8.150032,12.297063
1539,4,-1,3.9573617,7.3315973
1540,4,-1,3.8083758,7.7608185
1541,4,-1,3.555048,7.5679693
1542,4,-1,3.6337445,7.3156247
1543,4,-1,3.5779774,7.2070603
1544,0,-1,8.183981,12.197738
1545,0,-1,8.341258,12.2793665
1546,0,-1,7.606034,9.956252
1547,4,-1,3.6967096,7.5629606
1548,0,-1,8.477743,8.656288
1549,4,-1,4.0324645,7.404758
1550,0,-1,8.074767,12.264014
1551,1,-1,-0.090261735,7.3193116
1552,4,-1,3.8986812,7.755102
1553,4,-1,3.4614067,7.3329453
1554,0,-1,7.749872,8.94326
1555,4,-1,3.7650435,7.179639
1556,4,-1,4.248878,7.7006335
1557,0,-1,8.185867,12.310918
1558,0,-1,8.176846,12.071307
1559,4,-1,3.6085083,6.9145894
1560,0,-1,8.142207,12.24189
1561,4,-1,3.9478042,7.273779
1562,0,-1,7.924984,9.061229
1563,0,-1,8.188938,12.33596
1564,4,-1,3.9045393,6.63959
1565,4,-1,3.993976,7.500354
1566,4,-1,4.397216,6.9010277
1567,0,-1,8.156251,12.09364
1568,4,-1,4.256621,6.4542413
1569,0,-1,7.740466,8.898145
1570,0,-1,8.019896,11.398619
1571,0,-1,7.6926684,8.9592705
1572,4,-1,3.473512,7.2611027
1573,4,-1,4.3099113,7.4345884
1574,4,-1,4.125636,7.2221236
1575,4,-1,3.9104128,7.3149858
1576,0,-1,7.962007,8.988875
1577,4,-1,4.1158056,7.524598
1578,0,-1,8.116925,12.053526
1579,0,-1,7.926007,11.207695
1580,0,-1,8.011058,9.079976
1581,4,-1,3.442576,7.274492
1582,4,-1,4.149031,7.411101
1583,4,-1,4.1784964,7.1498995
1584,4,-1,3.9982255,7.6214113
1585,0,-1,7.809171,9.055662
1586,4,-1,3.7697299,7.589826
1587,0,-1,8.008661,11.718675
1588,0,-1,7.258307,9.870177
1589,4,-1,3.7245877,7.3160024
1590,0,-1,8.205362,12.090987
1591,4,-1,4.1107297,7.6662407
1592,0,-1,7.847681,8.874997
1593,0,-1,7.7865515,8.9172735
1594,4,-1,4.066611,7.379663
1595,0,-1,8.113106,12.112715
1596,4,-1,4.250781,7.442164
1597,0,-1,8.06703,11.660175
1598,4,-1,4.0863404,7.2957373
1599,0,-1,8.017437,11.912801
1600,4,-1,4.3181868,7.3594494
1601,4,-1,3.6319048,7.4217725
1602,4,-1,3.6618323,7.3849607
1603,0,-1,8.018021,11.558664
1604,0,-1,8.182825,12.224951
1605,0,-1,8.295349,8.9947605
1606,0,-1,7.8064256,8.871322
1607,0,-1,8.243518,12.23199
1608,4,-1,3.7321758,7.3238487
1609,4,-1,4.188285,7.544945
1610,0,-1,7.7807803,8.79764
1611,0,-1,7.9152493,11.273242
1612,0,-1,8.13335,12.305399
1613,3,-1,10.775975,-1.7638525
1614,4,-1,3.9750423,7.908544
1615,4,-1,3.756181,7.428839
1616,4,-1,3.7541778,7.393711
1617,0,-1,7.6574783,10.165735
1618,0,-1,8.104245,12.106862
1619,0,-1,6.641772,8.4771595
1620,0,-1,7.3770623,9.664275
1621,0,-1,6.656696,8.348644
1622,1,-1,8.849732,0.7124511
1623,0,-1,7.6234956,8.558657
1624,4,-1,6.6204104,8.357334
1625,4,-1,6.6207685,8.680847
1626,1,-1,8.456276,1.0319271
1627,4,-1,6.3713727,8.431125
1628,1,-1,-0.23806259,7.304303
1629,3,-1,8.671448,0.39082888
1630,0,-1,6.9833064,8.43725
1631,1,-1,9.640377,2.6628861
1632,0,-1,6.7575393,8.225017
1633,3,-1,8.768506,-2.9823363
1634,4,-1,6.5676327,8.633369
1635,3,-1,10.594313,-2.396959
1636,4,-1,6.4857845,8.521713
1637,1,-1,8.959973,1.8355091
1638,0,-1,6.6591268,8.730807
1639,0,-1,6.8813224,8.386978
1640,0,-1,6.6636505,8.763713
1641,4,-1,6.565756,8.431281
1642,4,-1,6.927578,8.308034
1643,1,-1,7.462739,10.1711855
1644,0,-1,6.7849083,8.335355
1645,1,-1,7.4713783,10.157269
1646,1,-1,8.809889,1.0542401
1647,0,-1,8.211018,6.9664264
1648,4,-1,3.8425267,7.7405577
1649,3,-1,10.265501,-2.6130183
1650,1,-1,8.727677,0.8771894
1651,0,-1,6.6609745,8.806574
1652,1,-1,8.765327,2.2374473
1653,0,-1,6.893188,8.194707
1654,0,-1,7.08149,8.259848
1655,4,-1,6.4773192,8.41152
1656,0,-1,6.749708,8.344383
1657,1,-1,8.531617,0.9082216
1658,4,-1,6.734924,8.25594
1659,3,-1,10.88634,-2.0896144
1660,4,-1,6.452663,8.562707
1661,0,-1,6.851965,8.137074
1662,1,-1,8.504919,1.0183473
1663,3,-1,8.681665,0.7529316
1664,4,-1,6.5212355,8.441973
1665,4,-1,6.4379883,8.705242
1666,0,-1,6.7632227,8.478094
1667,0,-1,10.145746,9.225073
1668,1,-1,9.349113,2.133445
1669,0,-1,6.7538714,8.356657
1670,0,-1,9.191255,7.903167
1671,0,-1,6.852313,8.96541
1672,0,-1,7.1453676,8.319262
1673,4,-1,6.3967857,8.62695
1674,4,-1,6.2763586,8.584406
1675,0,-1,6.6233263,8.361583
1676,0,-1,6.6879106,8.680264
1677,0,-1,8.493239,7.2871485
1678,0,-1,6.4352427,9.247323
1679,4,-1,6.7565136,8.459287
1680,1,-1,8.412644,1.4230438
1681,0,-1,6.7726383,8.481525
1682,3,-1,9.255836,0.88843703
1683,4,-1,4.8930383,7.3092713
1684,0,-1,6.5478234,8.848845
1685,4,-1,6.2518635,8.617658
1686,4,-1,4.701934,6.559213
1687,1,-1,8.725288,0.8889714
1688,0,-1,6.7658715,8.299922
1689,0,-1,6.846696,8.193681
1690,1,-1,9.525782,2.714461
1691,0,-1,7.3273864,9.775393
1692,0,-1,6.6868987,8.488797
1693,0,-1,9.841363,9.24608
1694,1,-1,9.206745,0.4198698
1695,1,-1,8.524794,1.1807914
1696,4,-1,6.415764,8.415229
1697,3,-1,10.501098,-2.4130826
1698,0,-1,3.7317708,7.20453
1699,3,-1,10.250518,-2.765281
1700,3,-1,9.803931,-2.21404
1701,3,-1,10.26416,-2.6849406
1702,3,-1,10.137906,-2.7495072
1703,3,-1,10.3363905,-2.419724
1704,3,-1,8.559883,-0.5917371
1705,1,-1,8.757544,-0.6480483
1706,3,-1,10.10325,-2.8662093
1707,3,-1,9.303516,-0.94982433
1708,3,-1,10.094134,-2.703091
1709,3,-1,10.107151,-2.203312
1710,3,-1,10.032304,-1.8528377
1711,3,-1,10.281523,-2.8156052
1712,3,-1,10.609175,-2.3800452
1713,3,-1,9.479218,-1.4820914
1714,3,-1,10.1682,-2.8163285
1715,3,-1,10.434769,-2.468317
1716,3,-1,9.423482,-1.2240729
1717,3,-1,10.476779,-2.506881
1718,3,-1,10.2135,-2.859545
1719,3,-1,10.334506,-2.7362323
1720,3,-1,9.222469,-1.1862863
1721,3,-1,9.880497,-1.9452564
1722,3,-1,10.237155,-2.808608
1723,3,-1,8.322089,-1.3144363
1724,3,-1,10.661574,-2.4305596
1725,3,-1,10.589577,-2.4445722
1726,3,-1,10.623276,-2.430623
1727,3,-1,10.197967,-2.066938
1728,3,-1,10.125765,-2.8223286
1729,3,-1,10.226586,-2.575816
1730,3,-1,10.265737,-2.139409
1731,3,-1,10.37759,-2.648809
1732,3,-1,10.140679,-2.1757123
1733,3,-1,10.270113,-2.8200555
1734,3,-1,10.278428,-2.6633272
1735,3,-1,9.781822,-1.6974722
1736,3,-1,10.289249,-2.6979263
1737,3,-1,9.837659,-2.044987
1738,3,-1,10.603412,-2.4323258
1739,3,-1,10.015273,-2.5214732
1740,3,-1,10.544043,-2.5209432
1741,3,-1,9.061167,-1.023471
1742,3,-1,10.203169,-2.2258294
1743,3,-1,9.744992,-2.0217865
1744,3,-1,10.675515,-2.4362216
1745,3,-1,8.620841,-0.32103944
1746,3,-1,9.576447,-0.8004532
1747,3,-1,9.997595,-2.4308171
1748,3,-1,10.455559,-2.6923413
1749,3,-1,10.037223,-2.0501983
1750,3,-1,10.372077,-2.6065245
1751,3,-1,10.196709,-2.8444624
1752,3,-1,10.353482,-2.7406685
1753,1,-1,8.525914,1.0046006
1754,1,-1,8.290565,1.3803076
1755,3,-1,9.95924,-2.833051
1756,4,-1,4.739295,6.5670395
1757,0,-1,8.715732,8.284395
1758,3,-1,9.526596,-2.312593
1759,0,-1,8.057272,11.457776
1760,1,-1,0.22558215,7.5181394
1761,3,-1,10.372196,-2.8383033
1762,4,-1,4.6544967,7.026463
1763,1,-1,10.101763,3.1943183
1764,4,-1,4.719285,7.1342883
1765,3,-1,10.40973,-2.491731
1766,4,-1,6.2658906,8.517621
1767,3,-1,10.161085,-2.8839362
1768,0,-1,7.83672,10.322817
1769,4,-1,4.356917,7.0097275
1770,4,-1,4.6985307,6.8694677
1771,4,-1,7.8423667,4.420428
1772,0,-1,7.8397956,10.146217
1773,4,-1,4.51998,6.922322
1774,0,-1,7.90825,11.011633
1775,1,-1,0.11957726,7.453772
1776,1,-1,-0.1938064,7.2595053
1777,0,-1,8.180295,12.274178
1778,4,-1,4.236425,6.3914204
1779,4,-1,4.801666,7.1876307
1780,3,-1,10.205493,-2.8057885
1781,3,-1,9.955887,-2.401383
1782,4,-1,4.277906,7.11702
1783,0,-1,7.901736,10.332631
1784,4,-1,4.3197627,6.433967
1785,0,-1,8.232031,12.235134
1786,3,-1,9.981329,-2.269582
1787,4,-1,4.706487,6.8244095
1788,0,-1,7.8888245,10.192416
1789,3,-1,10.53457,-2.5369365
1790,4,-1,4.625739,6.9068985
1791,1,-1,8.506068,1.1049789
1792,0,-1,6.7195373,8.411177
1793,0,-1,6.89329,8.877366
1794,0,-1,6.6648874,8.468146
1795,0,-1,6.752074,8.323584
1796,4,-1,3.693144,7.686019
1797,0,-1,6.8976493,8.389461
1798,1,-1,8.83245,1.418756
1799,0,-1,6.7738557,9.009917
1800,4,-1,6.8782964,8.212399
1801,0,-1,6.727546,8.499491
1802,3,-1,10.116849,-2.7736053
1803,3,-1,10.798024,-2.3721077
1804,3,-1,10.072717,-2.7281952
1805,3,-1,10.280756,-2.7243013
1806,3,-1,9.92295,-2.4858863
1807,3,-1,7.456702,9.97511
1808,3,-1,9.95435,-2.572725
1809,3,-1,9.577559,-1.113345
1810,4,-1,4.6512256,6.4704323
1811,3,-1,9.531143,-0.9973446
1812,3,-1,9.825523,-1.6787351
1813,3,-1,10.102128,-2.1233284
1814,3,-1,9.054979,-2.692192
1815,3,-1,8.58105,-0.38611114
1816,3,-1,10.574615,-2.4632666
1817,0,-1,8.539828,7.3450236
1818,0,-1,8.481338,7.273022
1819,0,-1,8.434881,7.309296
1820,0,-1,8.483051,7.3057585
1821,0,-1,6.805002,8.416802
1822,0,-1,6.6552954,8.638924
